<annotation verified="yes">
	<folder>img</folder>
	<filename>0WUAWS.jpg</filename>
	<path>D:\JakBikeHub\BIKE_HUB (Github)\Dockless\img\img\0WUAWS.jpg</path>
	<source>
		<database>Unknown</database>
	</source>
	<size>
		<width>558</width>
		<height>313</height>
		<depth>3</depth>
	</size>
	<segmented>0</segmented>
	<object>
		<name>bike</name>
		<pose>Unspecified</pose>
		<truncated>0</truncated>
		<difficult>0</difficult>
		<bndbox>
			<xmin>198</xmin>
			<ymin>152</ymin>
			<xmax>302</xmax>
			<ymax>205</ymax>
		</bndbox>
	</object>
</annotation>
