<annotation verified="yes">
	<folder>img</folder>
	<filename>2F8Z0W.jpg</filename>
	<path>D:\JakBikeHub\BIKE_HUB (Github)\Dockless\img\img\2F8Z0W.jpg</path>
	<source>
		<database>Unknown</database>
	</source>
	<size>
		<width>558</width>
		<height>313</height>
		<depth>3</depth>
	</size>
	<segmented>0</segmented>
	<object>
		<name>bike</name>
		<pose>Unspecified</pose>
		<truncated>0</truncated>
		<difficult>0</difficult>
		<bndbox>
			<xmin>378</xmin>
			<ymin>157</ymin>
			<xmax>497</xmax>
			<ymax>241</ymax>
		</bndbox>
	</object>
	<object>
		<name>bike</name>
		<pose>Unspecified</pose>
		<truncated>0</truncated>
		<difficult>0</difficult>
		<bndbox>
			<xmin>260</xmin>
			<ymin>122</ymin>
			<xmax>345</xmax>
			<ymax>217</ymax>
		</bndbox>
	</object>
	<object>
		<name>bike</name>
		<pose>Unspecified</pose>
		<truncated>0</truncated>
		<difficult>0</difficult>
		<bndbox>
			<xmin>208</xmin>
			<ymin>102</ymin>
			<xmax>261</xmax>
			<ymax>160</ymax>
		</bndbox>
	</object>
	<object>
		<name>bike</name>
		<pose>Unspecified</pose>
		<truncated>0</truncated>
		<difficult>0</difficult>
		<bndbox>
			<xmin>190</xmin>
			<ymin>59</ymin>
			<xmax>218</xmax>
			<ymax>116</ymax>
		</bndbox>
	</object>
</annotation>
