<annotation verified="yes">
	<folder>img</folder>
	<filename>8FYZZ4.jpg</filename>
	<path>D:\JakBikeHub\BIKE_HUB (Github)\Dockless\img\img\8FYZZ4.jpg</path>
	<source>
		<database>Unknown</database>
	</source>
	<size>
		<width>558</width>
		<height>313</height>
		<depth>3</depth>
	</size>
	<segmented>0</segmented>
	<object>
		<name>bike</name>
		<pose>Unspecified</pose>
		<truncated>0</truncated>
		<difficult>0</difficult>
		<bndbox>
			<xmin>199</xmin>
			<ymin>27</ymin>
			<xmax>222</xmax>
			<ymax>87</ymax>
		</bndbox>
	</object>
	<object>
		<name>bike</name>
		<pose>Unspecified</pose>
		<truncated>0</truncated>
		<difficult>0</difficult>
		<bndbox>
			<xmin>213</xmin>
			<ymin>60</ymin>
			<xmax>261</xmax>
			<ymax>120</ymax>
		</bndbox>
	</object>
	<object>
		<name>bike</name>
		<pose>Unspecified</pose>
		<truncated>0</truncated>
		<difficult>0</difficult>
		<bndbox>
			<xmin>263</xmin>
			<ymin>78</ymin>
			<xmax>334</xmax>
			<ymax>157</ymax>
		</bndbox>
	</object>
	<object>
		<name>bike</name>
		<pose>Unspecified</pose>
		<truncated>0</truncated>
		<difficult>0</difficult>
		<bndbox>
			<xmin>357</xmin>
			<ymin>110</ymin>
			<xmax>458</xmax>
			<ymax>173</ymax>
		</bndbox>
	</object>
</annotation>
