<annotation verified="yes">
	<folder>img</folder>
	<filename>G4SEYL.jpg</filename>
	<path>D:\JakBikeHub\BIKE_HUB (Github)\Dockless\img\img\G4SEYL.jpg</path>
	<source>
		<database>Unknown</database>
	</source>
	<size>
		<width>558</width>
		<height>313</height>
		<depth>3</depth>
	</size>
	<segmented>0</segmented>
	<object>
		<name>bike</name>
		<pose>Unspecified</pose>
		<truncated>0</truncated>
		<difficult>0</difficult>
		<bndbox>
			<xmin>198</xmin>
			<ymin>38</ymin>
			<xmax>228</xmax>
			<ymax>89</ymax>
		</bndbox>
	</object>
	<object>
		<name>bike</name>
		<pose>Unspecified</pose>
		<truncated>0</truncated>
		<difficult>0</difficult>
		<bndbox>
			<xmin>215</xmin>
			<ymin>68</ymin>
			<xmax>265</xmax>
			<ymax>129</ymax>
		</bndbox>
	</object>
	<object>
		<name>bike</name>
		<pose>Unspecified</pose>
		<truncated>0</truncated>
		<difficult>0</difficult>
		<bndbox>
			<xmin>263</xmin>
			<ymin>85</ymin>
			<xmax>336</xmax>
			<ymax>170</ymax>
		</bndbox>
	</object>
	<object>
		<name>bike</name>
		<pose>Unspecified</pose>
		<truncated>0</truncated>
		<difficult>0</difficult>
		<bndbox>
			<xmin>354</xmin>
			<ymin>121</ymin>
			<xmax>458</xmax>
			<ymax>177</ymax>
		</bndbox>
	</object>
</annotation>
