<annotation verified="yes">
	<folder>img</folder>
	<filename>J4YAB5.jpg</filename>
	<path>D:\JakBikeHub\BIKE_HUB (Github)\Dockless\img\img\J4YAB5.jpg</path>
	<source>
		<database>Unknown</database>
	</source>
	<size>
		<width>558</width>
		<height>313</height>
		<depth>3</depth>
	</size>
	<segmented>0</segmented>
	<object>
		<name>bike</name>
		<pose>Unspecified</pose>
		<truncated>1</truncated>
		<difficult>0</difficult>
		<bndbox>
			<xmin>1</xmin>
			<ymin>145</ymin>
			<xmax>62</xmax>
			<ymax>225</ymax>
		</bndbox>
	</object>
	<object>
		<name>bike</name>
		<pose>Unspecified</pose>
		<truncated>0</truncated>
		<difficult>0</difficult>
		<bndbox>
			<xmin>110</xmin>
			<ymin>133</ymin>
			<xmax>205</xmax>
			<ymax>208</ymax>
		</bndbox>
	</object>
	<object>
		<name>bike</name>
		<pose>Unspecified</pose>
		<truncated>0</truncated>
		<difficult>0</difficult>
		<bndbox>
			<xmin>195</xmin>
			<ymin>117</ymin>
			<xmax>243</xmax>
			<ymax>186</ymax>
		</bndbox>
	</object>
</annotation>
