<annotation verified="yes">
	<folder>img</folder>
	<filename>YPI4BN.jpg</filename>
	<path>D:\JakBikeHub\BIKE_HUB (Github)\Dockless\img\img\YPI4BN.jpg</path>
	<source>
		<database>Unknown</database>
	</source>
	<size>
		<width>558</width>
		<height>313</height>
		<depth>3</depth>
	</size>
	<segmented>0</segmented>
	<object>
		<name>bike</name>
		<pose>Unspecified</pose>
		<truncated>0</truncated>
		<difficult>0</difficult>
		<bndbox>
			<xmin>127</xmin>
			<ymin>135</ymin>
			<xmax>245</xmax>
			<ymax>283</ymax>
		</bndbox>
	</object>
</annotation>
